id,customer,surface_lsd,products,rig_in_date,start_date,end_date,num_wells,valve_7_1_16,valve_5_1_8,valve_hyd,valve_man,gateway_pods,awc_pods,grease_unit,coil_trees,accumulator,techs,work_orders
1,Tourmaline,C-31H/94-B-009,Frac Stacks / Zipper,TBD,45324,45344,8,0,40,24,8,8,0,Combo-1,,1,4,
2,Whitecap,02-35-064-05w6,Frac Stacks / Zipper / PPL,TBD,45354,45369,4,10,12,16,2,4,0,Grease-Seacan(1),,1,4,
3,AOC,03-18-064-18-W5M,Frac Stacks / Zipper,TBD,45352,45368,2,4,6,6,4,2,0,Greasy,,1,4,
4,Whitecap,02-35-064-05w6,Frac Stacks / Zipper / PPL,TBD,45354,45369,4,10,12,16,2,4,0,Grease-Seacan(1),,1,4,
5,Baytex,0705-045-02-w5m,Frac Stacks / Zipper,TBD,45390,45413,3,6,10,9,3,3,0,Combo-2,,,4,
6,Nuvista,02-36-070-09W6 ,Frac Stacks / Zipper,TBD,45400,45413,4,10,12,16,2,4,0,Grease-Seacan(1),,1,4,
7,Whitecap,11-34-060-20-w5m,Frac Stacks / Zipper,TBD,45407,45437,3,7,9,12,2,3,0,Greasy,,1,4,
8,Chevron,16-18-061-18-w5m(A),Frac Stacks / Zipper,TBD,45417,45467,6,12,18,24,2,6,0,Combo-1,,,4,
9,Chevron,16-18-061-18-w5m(B),Frac Stacks / Zipper,TBD,45415,45496,4,8,12,16,2,0,4,Combo-1,,,4,
10,Teine,03-26-53-13-W5M,Frac Stacks / Zipper,45440,45446,45458,1,2,3,4,0,1,0,Greasy,,1,2,
11,Pacific Canbriam,C-98-D/94-A-5,Frac Stacks / Zipper / PPL,45452,45457,45487,5,4,24,20,4,5,0,Grease Seacan(3)-New,,1,4,
12,Baytex,06-27-045-02-w5m,Frac Stacks / Zipper / PPL,45453,45457,45477,4,8,16,12,4,4,0,Combo-2,,,4,
13,ConcoPhillips,05-27-088-024-W6M,Frac Stacks / Zipper,45458,45463,45483,4,15,4,8,10,4,0,Grease Seacan(2)-New,,1,4,
14,Whitecap,01-35-064-05-w6m,Frac Stacks / Zipper / PPL,45461,45463,45484,4,10,12,16,2,4,0,Greasy (From Teine),,1,4,
15,Nuvista,16-33-071-09-w6m,Frac Stacks / Zipper,45463,45468,45489,6,16,18,24,4,6,0,Grease-Seacan(1),,1,4,
16,True Canadian (KEC),XX-XX-XX-XX-W5M,Frac Stacks / Zipper / PPL,45464,45468,45487,3,8,6,9,3,0,3,Grease Seacan(4)-New,,1,,
17,Paramount,04-07-040-05-w5m,Frac Stacks / Zipper / Missile,45485,45496,45511,3,7,9,12,2,3,0,Combo-2,,1,4,
18,Chevron,16-14-62-19D1,Frac Stacks / Zipper,45483,45492,45527,6,12,18,24,2,6,0,Combo-1,,1,4,
19,Halo Exploration,04-17-066-21W5,Frac Stacks / Zipper,45486,45490,45499,1,1,3,2,2,1,0,TBD,,1,2,
20,Whitecap,11-14-60-20W5,Frac Stacks / Zipper / PPL,45509,45510,45535,5,13,15,20,2,5,0,Grease Seacan(3),,1,4,
21,Nuvista,12-05-069-07-w6m,Frac Stacks / Zipper,45510,45517,45534,6,16,18,24,4,6,0,Grease-Seacan(1),,1,4,
22,Paramount,07-33-065-05w6m,Frac Stacks / Zipper / Missile / PPL,45514,45514,45529,4,13,15,20,2,5,0,Greasy,,1,4,
23,True Canadian (KEC),01-27-61-24-W5M,Frac Stacks / Zipper / PPL,45512,45519,45533,2,4,8,12,0,2,1,Grease Seacan(4),,1,,
24,Teine,05-02-053-12-w5m,Frac Stacks / Zipper,45516,45520,45550,6,16,18,24,2,6,0,Grease Seacan(2),,1,4,
25,Whitecap,10-24-061-03W6M,Frac Stacks / Zipper,45538,45540,45547,1,2,3,4,0,1,0,Greasy,,2,4,
26,Whitecap,10-09-065-04W6M,Frac Stack (Disposal),45540,45540,45544,1,,,,,,,,,,,
27,Chevron,13-19-62-18-W5M,Chevron,45545,45550,45578,5,10,15,20,2,5,0,Combo-1,,2,4,
28,Pacific Cambriam,16-32-064-25W6M ,Frac Stacks / Zippers / PPL,45554,45560,45595,14,40,28,70,4,14,0,Combo (1) + Grease Seacan(2),,2,4,
29,Whitecap,02-35-064-05-w6m,Frac Stacks / Zipper / PPL,45574,45572,45587,4,10,12,16,2,4,0,Greasy ,,2,4,
30,True Canadian (KEC),08-23-061-25-W5M,Frac Stacks / Zipper / PPL,45578,45575,45595,3,6,12,18,0,3,1,Grease Seacan(4)-New,,1,,
31,Whitecap,15-22-060-03W6,Frac Stacks / Zipper,45595,45598,45606,1,2,3,4,0,1,0,Greasy,,1,4,
32,ConocoPhilips,A-26-J ,Frac Stacks / Zipper ,45601,45620,45671,10,29,30,40,2,10,0,Combo (2) + Grease Seacan(3),,1,6,
33,True Canadian (KEC),09-11-062-25-W5M,Frac Stacks / Zipper / PPL,45598,45605,45981,3,11,8,18,2,3,1,Grease Seacan(4)-New,,1,,
34,Tourmaline,B-024-I/094-B-09,Frac Stacks / Zipper / PPL,45611,45621,45651,10,29,30,40,2,10,0,Lil' greasy + Grease Seacan(2),,1,6,
35,Whitecap,15-13-059-19W5M,Frac Stacks / Zipper,45992,45996,46006,2,4,5,8,4,2,1,Combo,,,4,
36,Nuvista,NUV-0731,Frac Stacks / Zipper / PPL,45638,45688,TBD,14,40,28,56,2,14,1,,10K,2,4,
37,Paramount,RMH#1 (04-07),Frac Stacks / Zipper / PPL,45654,45660,45674,3,6,6,12,2,3,0,Seacan3,,1,4,
38,Nuvista,nuv-10-29,Frac Stacks / Zipper,45656,TBD,TBD,5,10,15,20,2,5,0,,,,4,
39,Whitecap,08-05-061-20-W5M,Frac Stacks / Zipper / PPL,45660,45666,45698,5,13,15,20,2,5,0,,10K,,,
40,True Canadian (KEC),14-29-061-24-W5M,Frac Stacks / Zipper / PPL,45664,45669,45697,3,6,12,18,2,3,1,,15K,1,,
41,Paramount,FOX CREEK (01-14),Frac Stacks / Zipper / PPL,45669,45677,45702,4,10,12,16,2,4,0,,-,1,4,
42,Teine,04-15-052-11W5M,Frac Stacks / Zipper,45679,45682,45692,1,2,3,4,0,1,0, 1 20ft camo RD,-,2,2,
43,Tourmaline Ball Drop,C-2-G/94-B-16,"5"" Zipper / Dogbone / PFL",45676,45680,45695,7,0,14,0,0,0,2,,-,1,2,
44,Teine,14-11-052-12W5M,Frac Stacks / Zippers,45701,45703,45723,4,10,12,16,0,4,0,1,,2,4,
45,Whitecap,16-17-063-06w6m,Frac Stacks / Zipper / PPL,45687,45691,45699,3,7,9,12,2,3,0,1,,1,4,
46,Paramount,02-32-038-06W5,Frac Stacks / Zipper / PPL,45699,45700,45723,5,14,15,20,2,5,0,1,,1,4,
47,Nuvista,12-01-068-08W6M,Frac Stacks / Zipper / PPL,45717,45722,45740,5,13,15,20,2,5,0,1,,2,3,
48,Baytex,07-01-045-03W5 ,Frac Stacks / Zippers / PPL,45750,45754,45776,3,6,12,12,0,3,0,1,3,2,4,
49,ConocoPhilips,B-025-K/094-A-12,Frac Stacks / Zippers,45752,45765,45807,9,35,18,36,2,9,0,1,,2,4,
50,True Canadian (KEC),9-33-063-23-W5M,Frac Stacks / Zipper / PPL,45765,45772,45796,3,6,12,18,2,3,1,1,,1,,
51,Veren,03-30-64-02W6M,Frac Stacks / Coil Header,45762,45768,45806,6,2,26,24,4,6,1,1,,2,2,
52,Pacific Canbriam,07-01-08526W5M,Frac Stacks / Zippers / PPL,45770,45777,45801,8,23,16,32,2,8,2,1,8,2,5,
53,Whitecap,06-05-061-20w5 DUV,Frac Stacks / Zipper / PPL,45775,45781,45806,5,14,10,20,2,5,0,1,5,2,4,
54,NUVISTA,14-30-067-06W6M,Frac Stacks / Zipper / PPL,45779,45786,45796,4,10,12,16,2,8,0,1,,2,3,
55,Paramount,04-16-064-18W5 FOX,Frac Stacks / Zipper / PPL,45800,45806,45826,5,10,15,20,2,5,0,1,,2,4,
56,Baytex,08-08-046-02W5 ,Frac Stacks / Zipper / PPL,45796,45798,45820,3,6,9,12,0,3,0,1,,2,4,
57,Veren,06-03-070-05W6M,Frac Stacks / Coil Header,45805,45809,45658,6,4,34,24,0,6,1,1,,2,4,
58,WHITECAP,11-35-059-19W5M - DUV,Frac Stacks / Zipper / PPL,45809,45812,45836,5,13,15,20,2,5,0,1,,2,4,
59,WHITECAP,15-16-062-05W6M - MON,Frac Stacks / Zipper / PPL,45807,45816,45828,4,16,8,16,4,4,1,1,,2,,
60,Teine,01-06-53-11-W5M,Frac Stacks / Zipper,45815,45818,45843,4,10,12,16,0,4,0,1,,2,4,
61,True Canadian (KEC),01-18-059-23-W5M,Frac Stacks / Zipper / PPL,45818,45823,45833,3,14,3,18,2,3,1,1,,1,,
62,Veren,15-07-069-03W6,Frac Stacks / Coil Header,45838,45843,45865,4,4,22,16,0,4,0,1,,2,4,
63,WHITECAP,07-06-061-20-W5M - DUV,Frac Stacks / Zipper / PPL,45836,45843,45863,4,15,8,16,2,4,0,1,,2,4,
64,Whitecap,712,Frac Stacks / Zipper / PPL,45832,45839,45872,4,0,0,0,0,0,0,1,,2,4,
65,Teine,01-06-53-11-W5M,Frac Stacks / Zipper,45815,45818,45843,4,10,12,16,0,4,0,1,,2,4,
66,NUVISTA,16-35-067-06W6 ,Frac Stacks / Zipper / PPL,45848,45851,45858,3,10,9,12,2,8,0,1,,2,3,
67,Veren,12-36-065-04W6,Frac Stacks / Coil Header,45839,45844,45847,1,0,4,4,0,0,1,,,1,2,
68,PARAMOUNT,13-27-038-06W5,Frac Stacks / Zipper / PPL,45845,45851,45876,5,0,0,0,64,5,0,1,,2,4,
69,Whitecap,02-28-064-03W6,Frac Stacks / Coil Header,45842,45850,45880,5,0,0,0,0,0,0,1,,2,2,
70,True Canadian (KEC),01-27-061-24-W5M,Frac Stacks / Zipper / PPL,45848,45853,45873,3,14,3,18,2,3,1,1,,1,,
71,ConocoPhilips,01-24-88-23-W6M,Frac Stacks / Zippers,45853,45865,45888,4,0,0,0,0,0,0,1,,,,
72,NUVISTA,02-36-070-09W6M,Frac Stacks / Zipper / PPL,45878,45882,45895,4,0,0,0,0,4,0,1,,2,,
73,Veren,12-12-066-04W6,Frac Stacks / Coil Header,45899,45904,45930,4,0,0,0,0,4,1,1,,,,
74,Baytex,10-20-04-03W5,Frac Stacks / Zipper / PPL,45884,45887,45912,4,0,0,0,0,3,0,1,,2,4,
75,ConocoPhilips,08-29-88-24-W6M,Frac Stacks / Zippers,45876,45894,45954,12,0,0,0,0,0,0,,,,,
76,Whitecap,808,Frac Stacks / Zipper / PPL,45875,45882,45906,5,0,0,0,0,0,0,1,,2,4,
77,PARAMOUNT,16-30-38-06-W5M,Frac Stacks / Zippers / PPL,45874,45882,45915,6,0,0,0,0,0,0,,,,,
78,PACIFIC CANBRIAM,C-98-D/94-A-5,Frac Stacks / Zipper / PPL,TBD,45909,TBD,9,0,0,0,0,0,0,1,,2,4,
79,WHITECAP,08-05-61-20-W5M,Frac Stacks / Zipper / PPL,45921,45928,45952,4,0,0,0,0,0,0,,,,,
80,Veren,03-30-069-04W6,Frac Stacks / Coil Header,45924,45929,45954,5,0,0,0,0,5,1,1,,2,2,
81,AOC,TBD,Frac Stacks / Zipper / PPL,TBD,TBD,TBD,3,0,0,0,0,3,0,1,,2,4,
82,Nuvista,12-28-71-09-W6M,Frac Stacks / Zipper / PPL,TBD,45908,TBD,8,0,0,0,0,0,0,,,,,
83,Whitecap,662,Frac Stacks / Zipper / PPL,45915,45922,45946,5,0,0,0,0,0,0,1,,2,4,
84,NUVISTA,TBD,Frac Stacks / Zipper,TBD,45946,TBD,3,0,0,0,0,3,0,1,,2,3,
85,Veren,05-17-068-03W6,Frac Stacks / Coil Header,45955,45960,45970,3,0,0,0,0,3,0,1,,2,2,
86,PARAMOUNT,11-01-40-06-W5M,Frac Stacks / Zipper / PPL,45939,45947,45961,3,0,0,0,0,0,0,1,,2,4,
87,Whitecap,714,Frac Stacks / Zipper / PPL,45948,45955,45979,4,0,0,0,0,0,0,1,,2,4,
88,ConocoPhilips,01-32,Frac Stacks / Zippers,45992,46006,46053,9,0,0,0,0,0,0,,,,,
89,Veren,15-35-068-04W6,Frac Stacks / Coil Header,46018,46025,46047,4,0,0,0,0,4,0,1,,2,2,
90,Veren,06-03-065-03W6,Frac Stacks / Coil Header,46018,46025,46056,4,0,0,0,0,4,0,1,,2,2,
91,ConocoPhilips,08-23-88-24-W6M,Frac Stacks / Zippers,46068,46113,46167,6,0,0,0,0,0,0,,,,,
92,ConocoPhilips,09-Apr,Frac Stacks / Zippers,46157,46172,46200,10,0,0,0,0,0,0,,,,,
93,Tourmaline,C-31H/94-B-009,Frac Stacks / Zipper,TBD,45324,45344,8,0,40,24,8,8,0,Combo-1,,1,4,
94,Whitecap,02-35-064-05w6,Frac Stacks / Zipper / PPL,TBD,45354,45369,4,10,12,16,2,4,0,Grease-Seacan(1),,1,4,
95,AOC,03-18-064-18-W5M,Frac Stacks / Zipper,TBD,45352,45368,2,4,6,6,4,2,0,Greasy,,1,4,
96,Whitecap,02-35-064-05w6,Frac Stacks / Zipper / PPL,TBD,45354,45369,4,10,12,16,2,4,0,Grease-Seacan(1),,1,4,
97,Baytex,0705-045-02-w5m,Frac Stacks / Zipper,TBD,45390,45413,3,6,10,9,3,3,0,Combo-2,,,4,
98,Nuvista,02-36-070-09W6 ,Frac Stacks / Zipper,TBD,45400,45413,4,10,12,16,2,4,0,Grease-Seacan(1),,1,4,
99,Whitecap,11-34-060-20-w5m,Frac Stacks / Zipper,TBD,45407,45437,3,7,9,12,2,3,0,Greasy,,1,4,
100,Chevron,16-18-061-18-w5m(A),Frac Stacks / Zipper,TBD,45417,45467,6,12,18,24,2,6,0,Combo-1,,,4,
101,Chevron,16-18-061-18-w5m(B),Frac Stacks / Zipper,TBD,45415,45496,4,8,12,16,2,0,4,Combo-1,,,4,
102,Teine,03-26-53-13-W5M,Frac Stacks / Zipper,45440,45446,45458,1,2,3,4,0,1,0,Greasy,,1,2,
103,Pacific Canbriam,C-98-D/94-A-5,Frac Stacks / Zipper / PPL,45452,45457,45487,5,4,24,20,4,5,0,Grease Seacan(3)-New,,1,4,
104,Baytex,06-27-045-02-w5m,Frac Stacks / Zipper / PPL,45453,45457,45477,4,8,16,12,4,4,0,Combo-2,,,4,
105,ConcoPhillips,05-27-088-024-W6M,Frac Stacks / Zipper,45458,45463,45483,4,15,4,8,10,4,0,Grease Seacan(2)-New,,1,4,
106,Whitecap,01-35-064-05-w6m,Frac Stacks / Zipper / PPL,45461,45463,45484,4,10,12,16,2,4,0,Greasy (From Teine),,1,4,
107,Nuvista,16-33-071-09-w6m,Frac Stacks / Zipper,45463,45468,45489,6,16,18,24,4,6,0,Grease-Seacan(1),,1,4,
108,True Canadian (KEC),XX-XX-XX-XX-W5M,Frac Stacks / Zipper / PPL,45464,45468,45487,3,8,6,9,3,0,3,Grease Seacan(4)-New,,1,,
109,Paramount,04-07-040-05-w5m,Frac Stacks / Zipper / Missile,45485,45496,45511,3,7,9,12,2,3,0,Combo-2,,1,4,
110,Chevron,16-14-62-19D1,Frac Stacks / Zipper,45483,45492,45527,6,12,18,24,2,6,0,Combo-1,,1,4,
111,Halo Exploration,04-17-066-21W5,Frac Stacks / Zipper,45486,45490,45499,1,1,3,2,2,1,0,TBD,,1,2,
112,Whitecap,11-14-60-20W5,Frac Stacks / Zipper / PPL,45509,45510,45535,5,13,15,20,2,5,0,Grease Seacan(3),,1,4,
113,Nuvista,12-05-069-07-w6m,Frac Stacks / Zipper,45510,45517,45534,6,16,18,24,4,6,0,Grease-Seacan(1),,1,4,
114,Paramount,07-33-065-05w6m,Frac Stacks / Zipper / Missile / PPL,45514,45514,45529,4,13,15,20,2,5,0,Greasy,,1,4,
115,True Canadian (KEC),01-27-61-24-W5M,Frac Stacks / Zipper / PPL,45512,45519,45533,2,4,8,12,0,2,1,Grease Seacan(4),,1,,
116,Teine,05-02-053-12-w5m,Frac Stacks / Zipper,45516,45520,45550,6,16,18,24,2,6,0,Grease Seacan(2),,1,4,
117,Whitecap,10-24-061-03W6M,Frac Stacks / Zipper,45538,45540,45547,1,2,3,4,0,1,0,Greasy,,2,4,
118,Whitecap,10-09-065-04W6M,Frac Stack (Disposal),45540,45540,45544,1,,,,,,,,,,,
119,Chevron,13-19-62-18-W5M,Chevron,45545,45550,45578,5,10,15,20,2,5,0,Combo-1,,2,4,
120,Pacific Cambriam,16-32-064-25W6M ,Frac Stacks / Zippers / PPL,45554,45560,45595,14,40,28,70,4,14,0,Combo (1) + Grease Seacan(2),,2,4,
121,Whitecap,02-35-064-05-w6m,Frac Stacks / Zipper / PPL,45574,45572,45587,4,10,12,16,2,4,0,Greasy ,,2,4,
122,True Canadian (KEC),08-23-061-25-W5M,Frac Stacks / Zipper / PPL,45578,45575,45595,3,6,12,18,0,3,1,Grease Seacan(4)-New,,1,,
123,Whitecap,15-22-060-03W6,Frac Stacks / Zipper,45595,45598,45606,1,2,3,4,0,1,0,Greasy,,1,4,
124,ConocoPhilips,A-26-J ,Frac Stacks / Zipper ,45601,45620,45671,10,29,30,40,2,10,0,Combo (2) + Grease Seacan(3),,1,6,
125,True Canadian (KEC),09-11-062-25-W5M,Frac Stacks / Zipper / PPL,45598,45605,45981,3,11,8,18,2,3,1,Grease Seacan(4)-New,,1,,
126,Tourmaline,B-024-I/094-B-09,Frac Stacks / Zipper / PPL,45611,45621,45651,10,29,30,40,2,10,0,Lil' greasy + Grease Seacan(2),,1,6,
127,Whitecap,15-13-059-19W5M,Frac Stacks / Zipper,45992,45996,46006,2,4,5,8,4,2,1,Combo,,,4,
128,Nuvista,NUV-0731,Frac Stacks / Zipper / PPL,45638,45688,TBD,14,40,28,56,2,14,1,,10K,2,4,
129,Paramount,RMH#1 (04-07),Frac Stacks / Zipper / PPL,45654,45660,45674,3,6,6,12,2,3,0,Seacan3,,1,4,
130,Nuvista,nuv-10-29,Frac Stacks / Zipper,45656,TBD,TBD,5,10,15,20,2,5,0,,,,4,
131,Whitecap,08-05-061-20-W5M,Frac Stacks / Zipper / PPL,45660,45666,45698,5,13,15,20,2,5,0,,10K,,,
132,True Canadian (KEC),14-29-061-24-W5M,Frac Stacks / Zipper / PPL,45664,45669,45697,3,6,12,18,2,3,1,,15K,1,,
133,Paramount,FOX CREEK (01-14),Frac Stacks / Zipper / PPL,45669,45677,45702,4,10,12,16,2,4,0,,-,1,4,
134,Teine,04-15-052-11W5M,Frac Stacks / Zipper,45679,45682,45692,1,2,3,4,0,1,0, 1 20ft camo RD,-,2,2,
135,Tourmaline Ball Drop,C-2-G/94-B-16,"5"" Zipper / Dogbone / PFL",45676,45680,45695,7,0,14,0,0,0,2,,-,1,2,
136,Teine,14-11-052-12W5M,Frac Stacks / Zippers,45701,45703,45723,4,10,12,16,0,4,0,1,,2,4,
137,Whitecap,16-17-063-06w6m,Frac Stacks / Zipper / PPL,45687,45691,45699,3,7,9,12,2,3,0,1,,1,4,
138,Paramount,02-32-038-06W5,Frac Stacks / Zipper / PPL,45699,45700,45723,5,14,15,20,2,5,0,1,,1,4,
139,Nuvista,12-01-068-08W6M,Frac Stacks / Zipper / PPL,45717,45722,45740,5,13,15,20,2,5,0,1,,2,3,
140,Baytex,07-01-045-03W5 ,Frac Stacks / Zippers / PPL,45750,45754,45776,3,6,12,12,0,3,0,1,3,2,4,
141,ConocoPhilips,B-025-K/094-A-12,Frac Stacks / Zippers,45752,45765,45807,9,35,18,36,2,9,0,1,,2,4,
142,True Canadian (KEC),9-33-063-23-W5M,Frac Stacks / Zipper / PPL,45765,45772,45796,3,6,12,18,2,3,1,1,,1,,
143,Veren,03-30-64-02W6M,Frac Stacks / Coil Header,45762,45768,45806,6,2,26,24,4,6,1,1,,2,2,
144,Pacific Canbriam,07-01-08526W5M,Frac Stacks / Zippers / PPL,45770,45777,45801,8,23,16,32,2,8,2,1,8,2,5,
145,Whitecap,06-05-061-20w5 DUV,Frac Stacks / Zipper / PPL,45775,45781,45806,5,14,10,20,2,5,0,1,5,2,4,
146,NUVISTA,14-30-067-06W6M,Frac Stacks / Zipper / PPL,45779,45786,45796,4,10,12,16,2,8,0,1,,2,3,
147,Paramount,04-16-064-18W5 FOX,Frac Stacks / Zipper / PPL,45800,45806,45826,5,10,15,20,2,5,0,1,,2,4,
148,Baytex,08-08-046-02W5 ,Frac Stacks / Zipper / PPL,45796,45798,45820,3,6,9,12,0,3,0,1,,2,4,
149,Veren,06-03-070-05W6M,Frac Stacks / Coil Header,45805,45809,45658,6,4,34,24,0,6,1,1,,2,4,
150,WHITECAP,11-35-059-19W5M - DUV,Frac Stacks / Zipper / PPL,45809,45812,45836,5,13,15,20,2,5,0,1,,2,4,
151,WHITECAP,15-16-062-05W6M - MON,Frac Stacks / Zipper / PPL,45807,45816,45828,4,16,8,16,4,4,1,1,,2,,
152,Teine,01-06-53-11-W5M,Frac Stacks / Zipper,45815,45818,45843,4,10,12,16,0,4,0,1,,2,4,
153,True Canadian (KEC),01-18-059-23-W5M,Frac Stacks / Zipper / PPL,45818,45823,45833,3,14,3,18,2,3,1,1,,1,,
154,Veren,15-07-069-03W6,Frac Stacks / Coil Header,45838,45843,45865,4,4,22,16,0,4,0,1,,2,4,
155,WHITECAP,07-06-061-20-W5M - DUV,Frac Stacks / Zipper / PPL,45836,45843,45863,4,15,8,16,2,4,0,1,,2,4,
156,Whitecap,712,Frac Stacks / Zipper / PPL,45832,45839,45872,4,0,0,0,0,0,0,1,,2,4,
157,Teine,01-06-53-11-W5M,Frac Stacks / Zipper,45815,45818,45843,4,10,12,16,0,4,0,1,,2,4,
158,NUVISTA,16-35-067-06W6 ,Frac Stacks / Zipper / PPL,45848,45851,45858,3,10,9,12,2,8,0,1,,2,3,
159,Veren,12-36-065-04W6,Frac Stacks / Coil Header,45839,45844,45847,1,0,4,4,0,0,1,,,1,2,
160,PARAMOUNT,13-27-038-06W5,Frac Stacks / Zipper / PPL,45845,45851,45876,5,0,0,0,64,5,0,1,,2,4,
161,Whitecap,02-28-064-03W6,Frac Stacks / Coil Header,45842,45850,45880,5,0,0,0,0,0,0,1,,2,2,
162,True Canadian (KEC),01-27-061-24-W5M,Frac Stacks / Zipper / PPL,45848,45853,45873,3,14,3,18,2,3,1,1,,1,,
163,ConocoPhilips,01-24-88-23-W6M,Frac Stacks / Zippers,45853,45865,45888,4,0,0,0,0,0,0,1,,,,
164,NUVISTA,02-36-070-09W6M,Frac Stacks / Zipper / PPL,45878,45882,45895,4,0,0,0,0,4,0,1,,2,,
165,Veren,12-12-066-04W6,Frac Stacks / Coil Header,45899,45904,45930,4,0,0,0,0,4,1,1,,,,
166,Baytex,10-20-04-03W5,Frac Stacks / Zipper / PPL,45884,45887,45912,4,0,0,0,0,3,0,1,,2,4,
167,ConocoPhilips,08-29-88-24-W6M,Frac Stacks / Zippers,45876,45894,45954,12,0,0,0,0,0,0,,,,,
168,Whitecap,808,Frac Stacks / Zipper / PPL,45875,45882,45906,5,0,0,0,0,0,0,1,,2,4,
169,PARAMOUNT,16-30-38-06-W5M,Frac Stacks / Zippers / PPL,45874,45882,45915,6,0,0,0,0,0,0,,,,,
170,PACIFIC CANBRIAM,C-98-D/94-A-5,Frac Stacks / Zipper / PPL,TBD,45909,TBD,9,0,0,0,0,0,0,1,,2,4,
171,WHITECAP,08-05-61-20-W5M,Frac Stacks / Zipper / PPL,45921,45928,45952,4,0,0,0,0,0,0,,,,,
172,Veren,03-30-069-04W6,Frac Stacks / Coil Header,45924,45929,45954,5,0,0,0,0,5,1,1,,2,2,
173,AOC,TBD,Frac Stacks / Zipper / PPL,TBD,TBD,TBD,3,0,0,0,0,3,0,1,,2,4,
174,Nuvista,12-28-71-09-W6M,Frac Stacks / Zipper / PPL,TBD,45908,TBD,8,0,0,0,0,0,0,,,,,
175,Whitecap,662,Frac Stacks / Zipper / PPL,45915,45922,45946,5,0,0,0,0,0,0,1,,2,4,
176,NUVISTA,TBD,Frac Stacks / Zipper,TBD,45946,TBD,3,0,0,0,0,3,0,1,,2,3,
177,Veren,05-17-068-03W6,Frac Stacks / Coil Header,45955,45960,45970,3,0,0,0,0,3,0,1,,2,2,
178,PARAMOUNT,11-01-40-06-W5M,Frac Stacks / Zipper / PPL,45939,45947,45961,3,0,0,0,0,0,0,1,,2,4,
179,Whitecap,714,Frac Stacks / Zipper / PPL,45948,45955,45979,4,0,0,0,0,0,0,1,,2,4,
180,ConocoPhilips,01-32,Frac Stacks / Zippers,45992,46006,46053,9,0,0,0,0,0,0,,,,,
181,Veren,15-35-068-04W6,Frac Stacks / Coil Header,46018,46025,46047,4,0,0,0,0,4,0,1,,2,2,
182,Veren,06-03-065-03W6,Frac Stacks / Coil Header,46018,46025,46056,4,0,0,0,0,4,0,1,,2,2,
183,ConocoPhilips,08-23-88-24-W6M,Frac Stacks / Zippers,46068,46113,46167,6,0,0,0,0,0,0,,,,,
184,ConocoPhilips,09-Apr,Frac Stacks / Zippers,46157,46172,46200,10,0,0,0,0,0,0,,,,,
185,Tourmaline,C-31H/94-B-009,Frac Stacks / Zipper,TBD,45324,45344,8,0,40,24,8,8,0,Combo-1,,1,4,
186,Whitecap,02-35-064-05w6,Frac Stacks / Zipper / PPL,TBD,45354,45369,4,10,12,16,2,4,0,Grease-Seacan(1),,1,4,
187,AOC,03-18-064-18-W5M,Frac Stacks / Zipper,TBD,45352,45368,2,4,6,6,4,2,0,Greasy,,1,4,
188,Whitecap,02-35-064-05w6,Frac Stacks / Zipper / PPL,TBD,45354,45369,4,10,12,16,2,4,0,Grease-Seacan(1),,1,4,
189,Baytex,0705-045-02-w5m,Frac Stacks / Zipper,TBD,45390,45413,3,6,10,9,3,3,0,Combo-2,,,4,
190,Nuvista,02-36-070-09W6 ,Frac Stacks / Zipper,TBD,45400,45413,4,10,12,16,2,4,0,Grease-Seacan(1),,1,4,
191,Whitecap,11-34-060-20-w5m,Frac Stacks / Zipper,TBD,45407,45437,3,7,9,12,2,3,0,Greasy,,1,4,
192,Chevron,16-18-061-18-w5m(A),Frac Stacks / Zipper,TBD,45417,45467,6,12,18,24,2,6,0,Combo-1,,,4,
193,Chevron,16-18-061-18-w5m(B),Frac Stacks / Zipper,TBD,45415,45496,4,8,12,16,2,0,4,Combo-1,,,4,
194,Teine,03-26-53-13-W5M,Frac Stacks / Zipper,45440,45446,45458,1,2,3,4,0,1,0,Greasy,,1,2,
195,Pacific Canbriam,C-98-D/94-A-5,Frac Stacks / Zipper / PPL,45452,45457,45487,5,4,24,20,4,5,0,Grease Seacan(3)-New,,1,4,
196,Baytex,06-27-045-02-w5m,Frac Stacks / Zipper / PPL,45453,45457,45477,4,8,16,12,4,4,0,Combo-2,,,4,
197,ConcoPhillips,05-27-088-024-W6M,Frac Stacks / Zipper,45458,45463,45483,4,15,4,8,10,4,0,Grease Seacan(2)-New,,1,4,
198,Whitecap,01-35-064-05-w6m,Frac Stacks / Zipper / PPL,45461,45463,45484,4,10,12,16,2,4,0,Greasy (From Teine),,1,4,
199,Nuvista,16-33-071-09-w6m,Frac Stacks / Zipper,45463,45468,45489,6,16,18,24,4,6,0,Grease-Seacan(1),,1,4,
200,True Canadian (KEC),XX-XX-XX-XX-W5M,Frac Stacks / Zipper / PPL,45464,45468,45487,3,8,6,9,3,0,3,Grease Seacan(4)-New,,1,,
201,Paramount,04-07-040-05-w5m,Frac Stacks / Zipper / Missile,45485,45496,45511,3,7,9,12,2,3,0,Combo-2,,1,4,
202,Chevron,16-14-62-19D1,Frac Stacks / Zipper,45483,45492,45527,6,12,18,24,2,6,0,Combo-1,,1,4,
203,Halo Exploration,04-17-066-21W5,Frac Stacks / Zipper,45486,45490,45499,1,1,3,2,2,1,0,TBD,,1,2,
204,Whitecap,11-14-60-20W5,Frac Stacks / Zipper / PPL,45509,45510,45535,5,13,15,20,2,5,0,Grease Seacan(3),,1,4,
205,Nuvista,12-05-069-07-w6m,Frac Stacks / Zipper,45510,45517,45534,6,16,18,24,4,6,0,Grease-Seacan(1),,1,4,
206,Paramount,07-33-065-05w6m,Frac Stacks / Zipper / Missile / PPL,45514,45514,45529,4,13,15,20,2,5,0,Greasy,,1,4,
207,True Canadian (KEC),01-27-61-24-W5M,Frac Stacks / Zipper / PPL,45512,45519,45533,2,4,8,12,0,2,1,Grease Seacan(4),,1,,
208,Teine,05-02-053-12-w5m,Frac Stacks / Zipper,45516,45520,45550,6,16,18,24,2,6,0,Grease Seacan(2),,1,4,
209,Whitecap,10-24-061-03W6M,Frac Stacks / Zipper,45538,45540,45547,1,2,3,4,0,1,0,Greasy,,2,4,
210,Whitecap,10-09-065-04W6M,Frac Stack (Disposal),45540,45540,45544,1,,,,,,,,,,,
211,Chevron,13-19-62-18-W5M,Chevron,45545,45550,45578,5,10,15,20,2,5,0,Combo-1,,2,4,
212,Pacific Cambriam,16-32-064-25W6M ,Frac Stacks / Zippers / PPL,45554,45560,45595,14,40,28,70,4,14,0,Combo (1) + Grease Seacan(2),,2,4,
213,Whitecap,02-35-064-05-w6m,Frac Stacks / Zipper / PPL,45574,45572,45587,4,10,12,16,2,4,0,Greasy ,,2,4,
214,True Canadian (KEC),08-23-061-25-W5M,Frac Stacks / Zipper / PPL,45578,45575,45595,3,6,12,18,0,3,1,Grease Seacan(4)-New,,1,,
215,Whitecap,15-22-060-03W6,Frac Stacks / Zipper,45595,45598,45606,1,2,3,4,0,1,0,Greasy,,1,4,
216,ConocoPhilips,A-26-J ,Frac Stacks / Zipper ,45601,45620,45671,10,29,30,40,2,10,0,Combo (2) + Grease Seacan(3),,1,6,
217,True Canadian (KEC),09-11-062-25-W5M,Frac Stacks / Zipper / PPL,45598,45605,45981,3,11,8,18,2,3,1,Grease Seacan(4)-New,,1,,
218,Tourmaline,B-024-I/094-B-09,Frac Stacks / Zipper / PPL,45611,45621,45651,10,29,30,40,2,10,0,Lil' greasy + Grease Seacan(2),,1,6,
219,Whitecap,15-13-059-19W5M,Frac Stacks / Zipper,45992,45996,46006,2,4,5,8,4,2,1,Combo,,,4,
220,Nuvista,NUV-0731,Frac Stacks / Zipper / PPL,45638,45688,TBD,14,40,28,56,2,14,1,,10K,2,4,
221,Paramount,RMH#1 (04-07),Frac Stacks / Zipper / PPL,45654,45660,45674,3,6,6,12,2,3,0,Seacan3,,1,4,
222,Nuvista,nuv-10-29,Frac Stacks / Zipper,45656,TBD,TBD,5,10,15,20,2,5,0,,,,4,
223,Whitecap,08-05-061-20-W5M,Frac Stacks / Zipper / PPL,45660,45666,45698,5,13,15,20,2,5,0,,10K,,,
224,True Canadian (KEC),14-29-061-24-W5M,Frac Stacks / Zipper / PPL,45664,45669,45697,3,6,12,18,2,3,1,,15K,1,,
225,Paramount,FOX CREEK (01-14),Frac Stacks / Zipper / PPL,45669,45677,45702,4,10,12,16,2,4,0,,-,1,4,
226,Teine,04-15-052-11W5M,Frac Stacks / Zipper,45679,45682,45692,1,2,3,4,0,1,0, 1 20ft camo RD,-,2,2,
227,Tourmaline Ball Drop,C-2-G/94-B-16,"5"" Zipper / Dogbone / PFL",45676,45680,45695,7,0,14,0,0,0,2,,-,1,2,
228,Teine,14-11-052-12W5M,Frac Stacks / Zippers,45701,45703,45723,4,10,12,16,0,4,0,1,,2,4,
229,Whitecap,16-17-063-06w6m,Frac Stacks / Zipper / PPL,45687,45691,45699,3,7,9,12,2,3,0,1,,1,4,
230,Paramount,02-32-038-06W5,Frac Stacks / Zipper / PPL,45699,45700,45723,5,14,15,20,2,5,0,1,,1,4,
231,Nuvista,12-01-068-08W6M,Frac Stacks / Zipper / PPL,45717,45722,45740,5,13,15,20,2,5,0,1,,2,3,
232,Baytex,07-01-045-03W5 ,Frac Stacks / Zippers / PPL,45750,45754,45776,3,6,12,12,0,3,0,1,3,2,4,
233,ConocoPhilips,B-025-K/094-A-12,Frac Stacks / Zippers,45752,45765,45807,9,35,18,36,2,9,0,1,,2,4,
234,True Canadian (KEC),9-33-063-23-W5M,Frac Stacks / Zipper / PPL,45765,45772,45796,3,6,12,18,2,3,1,1,,1,,
235,Veren,03-30-64-02W6M,Frac Stacks / Coil Header,45762,45768,45806,6,2,26,24,4,6,1,1,,2,2,
236,Pacific Canbriam,07-01-08526W5M,Frac Stacks / Zippers / PPL,45770,45777,45801,8,23,16,32,2,8,2,1,8,2,5,
237,Whitecap,06-05-061-20w5 DUV,Frac Stacks / Zipper / PPL,45775,45781,45806,5,14,10,20,2,5,0,1,5,2,4,
238,NUVISTA,14-30-067-06W6M,Frac Stacks / Zipper / PPL,45779,45786,45796,4,10,12,16,2,8,0,1,,2,3,
239,Paramount,04-16-064-18W5 FOX,Frac Stacks / Zipper / PPL,45800,45806,45826,5,10,15,20,2,5,0,1,,2,4,
240,Baytex,08-08-046-02W5 ,Frac Stacks / Zipper / PPL,45796,45798,45820,3,6,9,12,0,3,0,1,,2,4,
241,Veren,06-03-070-05W6M,Frac Stacks / Coil Header,45805,45809,45658,6,4,34,24,0,6,1,1,,2,4,
242,WHITECAP,11-35-059-19W5M - DUV,Frac Stacks / Zipper / PPL,45809,45812,45836,5,13,15,20,2,5,0,1,,2,4,
243,WHITECAP,15-16-062-05W6M - MON,Frac Stacks / Zipper / PPL,45807,45816,45828,4,16,8,16,4,4,1,1,,2,,
244,Teine,01-06-53-11-W5M,Frac Stacks / Zipper,45815,45818,45843,4,10,12,16,0,4,0,1,,2,4,
245,True Canadian (KEC),01-18-059-23-W5M,Frac Stacks / Zipper / PPL,45818,45823,45833,3,14,3,18,2,3,1,1,,1,,
246,Veren,15-07-069-03W6,Frac Stacks / Coil Header,45838,45843,45865,4,4,22,16,0,4,0,1,,2,4,
247,WHITECAP,07-06-061-20-W5M - DUV,Frac Stacks / Zipper / PPL,45836,45843,45863,4,15,8,16,2,4,0,1,,2,4,
248,Whitecap,712,Frac Stacks / Zipper / PPL,45832,45839,45872,4,0,0,0,0,0,0,1,,2,4,
249,Teine,01-06-53-11-W5M,Frac Stacks / Zipper,45815,45818,45843,4,10,12,16,0,4,0,1,,2,4,
250,NUVISTA,16-35-067-06W6 ,Frac Stacks / Zipper / PPL,45848,45851,45858,3,10,9,12,2,8,0,1,,2,3,
251,Veren,12-36-065-04W6,Frac Stacks / Coil Header,45839,45844,45847,1,0,4,4,0,0,1,,,1,2,
252,PARAMOUNT,13-27-038-06W5,Frac Stacks / Zipper / PPL,45845,45851,45876,5,0,0,0,64,5,0,1,,2,4,
253,Whitecap,02-28-064-03W6,Frac Stacks / Coil Header,45842,45850,45880,5,0,0,0,0,0,0,1,,2,2,
254,True Canadian (KEC),01-27-061-24-W5M,Frac Stacks / Zipper / PPL,45848,45853,45873,3,14,3,18,2,3,1,1,,1,,
255,ConocoPhilips,01-24-88-23-W6M,Frac Stacks / Zippers,45853,45865,45888,4,0,0,0,0,0,0,1,,,,
256,NUVISTA,02-36-070-09W6M,Frac Stacks / Zipper / PPL,45878,45882,45895,4,0,0,0,0,4,0,1,,2,,
257,Veren,12-12-066-04W6,Frac Stacks / Coil Header,45899,45904,45930,4,0,0,0,0,4,1,1,,,,
258,Baytex,10-20-04-03W5,Frac Stacks / Zipper / PPL,45884,45887,45912,4,0,0,0,0,3,0,1,,2,4,
259,ConocoPhilips,08-29-88-24-W6M,Frac Stacks / Zippers,45876,45894,45954,12,0,0,0,0,0,0,,,,,
260,Whitecap,808,Frac Stacks / Zipper / PPL,45875,45882,45906,5,0,0,0,0,0,0,1,,2,4,
261,PARAMOUNT,16-30-38-06-W5M,Frac Stacks / Zippers / PPL,45874,45882,45915,6,0,0,0,0,0,0,,,,,
262,PACIFIC CANBRIAM,C-98-D/94-A-5,Frac Stacks / Zipper / PPL,TBD,45909,TBD,9,0,0,0,0,0,0,1,,2,4,
263,WHITECAP,08-05-61-20-W5M,Frac Stacks / Zipper / PPL,45921,45928,45952,4,0,0,0,0,0,0,,,,,
264,Veren,03-30-069-04W6,Frac Stacks / Coil Header,45924,45929,45954,5,0,0,0,0,5,1,1,,2,2,
265,AOC,TBD,Frac Stacks / Zipper / PPL,TBD,TBD,TBD,3,0,0,0,0,3,0,1,,2,4,
266,Nuvista,12-28-71-09-W6M,Frac Stacks / Zipper / PPL,TBD,45908,TBD,8,0,0,0,0,0,0,,,,,
267,Whitecap,662,Frac Stacks / Zipper / PPL,45915,45922,45946,5,0,0,0,0,0,0,1,,2,4,
268,NUVISTA,TBD,Frac Stacks / Zipper,TBD,45946,TBD,3,0,0,0,0,3,0,1,,2,3,
269,Veren,05-17-068-03W6,Frac Stacks / Coil Header,45955,45960,45970,3,0,0,0,0,3,0,1,,2,2,
270,PARAMOUNT,11-01-40-06-W5M,Frac Stacks / Zipper / PPL,45939,45947,45961,3,0,0,0,0,0,0,1,,2,4,
271,Whitecap,714,Frac Stacks / Zipper / PPL,45948,45955,45979,4,0,0,0,0,0,0,1,,2,4,
272,ConocoPhilips,01-32,Frac Stacks / Zippers,45992,46006,46053,9,0,0,0,0,0,0,,,,,
273,Veren,15-35-068-04W6,Frac Stacks / Coil Header,46018,46025,46047,4,0,0,0,0,4,0,1,,2,2,
274,Veren,06-03-065-03W6,Frac Stacks / Coil Header,46018,46025,46056,4,0,0,0,0,4,0,1,,2,2,
275,ConocoPhilips,08-23-88-24-W6M,Frac Stacks / Zippers,46068,46113,46167,6,0,0,0,0,0,0,,,,,
276,ConocoPhilips,09-Apr,Frac Stacks / Zippers,46157,46172,46200,10,0,0,0,0,0,0,,,,,
